{"_runtime":116.900635463,"_step":5644,"gradients/conv2.bias":{"bins":[-4.2867895899689756e-08,-4.087819505116386e-08,-3.888849420263796e-08,-3.689879335411206e-08,-3.490909250558616e-08,-3.291939165706026e-08,-3.092969080853436e-08,-2.893998996000846e-08,-2.695028911148256e-08,-2.4960588262956662e-08,-2.2970887414430763e-08,-2.0981186565904864e-08,-1.8991485717378964e-08,-1.7001784868853065e-08,-1.5012084020327165e-08,-1.3022383171801266e-08,-1.1032682323275367e-08,-9.042981474749467e-09,-7.053280626223568e-09,-5.063579777697669e-09,-3.0738789291717694e-09,-1.08417808064587e-09,9.055227678800293e-10,2.8952236164059286e-09,4.884924464931828e-09,6.874625313457727e-09,8.864326161983627e-09,1.0854027010509526e-08,1.2843727859035425e-08,1.4833428707561325e-08,1.6823129556087224e-08,1.8812830404613123e-08,2.080253835856638e-08,2.279223920709228e-08,2.478194005561818e-08,2.677164090414408e-08,2.8761341752669978e-08,3.075104260119588e-08,3.2740743449721776e-08,3.4730444298247676e-08,3.6720145146773575e-08,3.8709845995299474e-08,4.0699546843825374e-08,4.268924769235127e-08,4.467894854087717e-08,4.666864938940307e-08,4.865835023792897e-08,5.064805108645487e-08,5.263775193498077e-08,5.462745278350667e-08,5.661715363203257e-08,5.860685448055847e-08,6.059655532908437e-08,6.258625262489659e-08,6.457595702613617e-08,6.656566142737574e-08,6.855535872318796e-08,7.054505601900019e-08,7.253476042023976e-08,7.452446482147934e-08,7.651416211729156e-08,7.850385941310378e-08,8.049356381434336e-08,8.248326821558294e-08,8.447296551139516e-08],"_type":"histogram","values":[1,0,0,0,0,0,0,0,0,0,0,0,0,0,0,0,0,1,1,0,1,2,2,0,0,0,0,0,1,0,0,0,0,0,0,0,0,0,0,0,0,0,0,0,0,0,0,0,0,0,0,0,0,0,0,0,0,0,0,0,0,0,0,1]},"gradients/conv2.weight":{"values":[2880],"bins":[0,0],"_type":"histogram"},"parameters/conv2.bias":{"bins":[-1.2387017989112792e-07,-1.102540849728939e-07,-9.663799716008725e-08,-8.302190224185324e-08,-6.940581442904659e-08,-5.5789719510812574e-08,-4.217362459257856e-08,-2.855753322705823e-08,-1.4941441861537896e-08,-1.3253496078391436e-09,1.229074264585961e-08,2.590683578773678e-08,3.9522927153257115e-08,5.313901851877745e-08,6.675511343701146e-08,8.037120124981811e-08,9.398729616805213e-08,1.0760339108628614e-07,1.2121948600452015e-07,1.348355738173268e-07,1.4845166163013346e-07,1.6206776365379483e-07,1.7568385146660148e-07,1.8929993927940814e-07,2.029160270922148e-07,2.1653212911587616e-07,2.3014821692868281e-07,2.4376430474148947e-07,2.5738040676515084e-07,2.709965087888122e-07,2.8461258239076415e-07,2.982286844144255e-07,3.118447864380869e-07,3.2546088846174825e-07,3.390769620637002e-07,3.5269306408736156e-07,3.6630916611102293e-07,3.7992523971297487e-07,3.9354134173663624e-07,4.071574437602976e-07,4.2077351736224955e-07,4.343896193859109e-07,4.480057214095723e-07,4.6162179501152423e-07,4.752378970351856e-07,4.888539706371375e-07,5.024700726607989e-07,5.160861746844603e-07,5.297022767081216e-07,5.43318378731783e-07,5.569344239120255e-07,5.705505259356869e-07,5.841666279593483e-07,5.977827299830096e-07,6.11398832006671e-07,6.250149340303324e-07,6.386309792105749e-07,6.522470812342362e-07,6.658631832578976e-07,6.79479285281559e-07,6.930953873052204e-07,7.067114893288817e-07,7.203275345091242e-07,7.339436365327856e-07,7.47559738556447e-07],"_type":"histogram","values":[1,0,0,0,1,0,1,2,0,3,0,0,0,0,1,0,0,0,0,0,0,0,0,0,0,0,0,0,0,0,0,0,0,0,0,0,0,0,0,0,0,0,0,0,0,0,0,0,0,0,0,0,0,0,0,0,0,0,0,0,0,0,0,1]},"parameters/conv2.weight":{"values":[1,5,5,10,21,15,29,40,40,49,45,79,63,57,48,49,50,59,47,42,51,62,50,53,54,59,55,57,65,83,55,57,72,73,68,71,67,57,64,70,52,51,37,46,52,52,54,64,46,46,48,44,44,41,44,34,39,22,24,12,18,7,3,3],"bins":[-0.068130262196064,-0.06598542630672455,-0.0638405978679657,-0.06169576197862625,-0.0595509298145771,-0.057406097650527954,-0.05526126176118851,-0.05311642959713936,-0.05097159743309021,-0.04882676526904106,-0.04668193310499191,-0.044537097215652466,-0.04239226505160332,-0.04024743288755417,-0.03810259699821472,-0.03595776483416557,-0.033812932670116425,-0.031668100506067276,-0.029523266479372978,-0.02737843245267868,-0.025233600288629532,-0.023088768124580383,-0.020943934097886086,-0.018799100071191788,-0.01665426790714264,-0.014509434811770916,-0.012364601716399193,-0.01021976862102747,-0.008074935525655746,-0.005930102430284023,-0.0037852693349123,-0.001640436239540577,0.0005043968558311462,0.0026492299512028694,0.004794063046574593,0.006938896141946316,0.009083729237318039,0.011228562332689762,0.013373395428061485,0.015518228523433208,0.01766306161880493,0.01980789378285408,0.021952727809548378,0.024097561836242676,0.026242394000291824,0.028387226164340973,0.03053206019103527,0.03267689421772957,0.03482172638177872,0.036966558545827866,0.039111390709877014,0.04125622659921646,0.04340105876326561,0.04554589092731476,0.047690726816654205,0.049835558980703354,0.0519803911447525,0.05412522330880165,0.0562700554728508,0.05841489136219025,0.060559723526239395,0.06270455569028854,0.06484939157962799,0.06699422001838684,0.06913905590772629],"_type":"histogram"},"_wandb":{"runtime":117},"gradients/conv1.bias":{"values":[32],"bins":[0,0],"_type":"histogram"},"gradients/conv1.weight":{"_type":"histogram","values":[2880],"bins":[0,0]},"parameters/conv1.weight":{"bins":[-0.13721947371959686,-0.13329094648361206,-0.12936240434646606,-0.12543387711048126,-0.12150533497333527,-0.11757680773735046,-0.11364827305078506,-0.10971973836421967,-0.10579120367765427,-0.10186266899108887,-0.09793413430452347,-0.09400559961795807,-0.09007707238197327,-0.08614853769540787,-0.08222000300884247,-0.07829146832227707,-0.07436293363571167,-0.07043439894914627,-0.06650586426258087,-0.06257732957601547,-0.05864879861474037,-0.05472026392817497,-0.05079173296689987,-0.04686319828033447,-0.042934663593769073,-0.039006128907203674,-0.035077594220638275,-0.031149063259363174,-0.027220528572797775,-0.023291993886232376,-0.019363461062312126,-0.015434927307069302,-0.011506401002407074,-0.007577867247164249,-0.003649333491921425,0.0002792002633213997,0.004207734018564224,0.008136267773807049,0.012064801529049873,0.015993334352970123,0.019921869039535522,0.02385040372610092,0.02777893655002117,0.03170746937394142,0.03563600406050682,0.03956453874707222,0.04349306970834732,0.04742160439491272,0.05135013908147812,0.05527867376804352,0.05920720845460892,0.06313574314117432,0.06706427037715912,0.07099280506372452,0.07492133975028992,0.07884987443685532,0.08277840912342072,0.08670694380998611,0.09063547849655151,0.09456401318311691,0.09849254786968231,0.10242107510566711,0.10634960979223251,0.11027814447879791,0.11420667916536331],"_type":"histogram","values":[1,0,3,9,15,17,36,48,50,51,46,58,59,58,55,57,47,47,59,44,51,57,53,74,59,61,72,44,49,79,53,62,57,57,65,56,52,58,57,60,49,71,45,54,71,50,53,55,60,55,55,49,45,50,47,50,28,25,17,9,4,0,1,1]},"train_loss":3.444041926647934e-12,"parameters/conv1.bias":{"values":[1,0,0,1,0,0,0,2,0,0,0,2,1,0,2,0,0,0,0,1,0,0,0,0,0,0,0,1,0,1,0,0,0,1,0,0,1,1,1,0,0,0,0,0,2,1,0,1,0,0,0,1,0,1,1,0,1,0,1,3,0,2,0,2],